22 Juillet Conseil,22 Juillet Conseil
3M,3M
3M France,3M
3M France*,3M
3M+FRANCE,3M
3S ORTHO,3S ORTHO
7 MED INDUSTRIE,7 MED INDUSTRIE
A+A,A A
AADAIRC,AADAIRC
Abbott,ABBOTT
Abbott France,ABBOTT
Abbott France*,ABBOTT
ABBOTT FRANCE,ABBOTT
ABBOTT+FRANCE,ABBOTT
Abbott Products SAS *,ABBOTT PRODUCTS
ABBOTT PRODUCTS SAS,ABBOTT PRODUCTS
Abbvie,ABBVIE
AbbVie,ABBVIE
AbbVie*,ABBVIE
ABBVIE,ABBVIE
Abiomed GmbH,Abiomed
ABS Bolton Medical,ABS-BOLTON MEDICAL
ABS-Bolton Medical,ABS-BOLTON MEDICAL
ABS-BOLTON MEDICAL,ABS-BOLTON MEDICAL
ABS-BOLTON+MEDICAL,ABS-BOLTON MEDICAL
accomed,ICOMED
Accuray Europe,Accuray
Accuray Europe SAS,Accuray
ACIST Europe BV,ACIST
ACTAVIS*,ACTAVIS
ACTAVIS France*,ACTAVIS
ACTAVIS+FRANCE,ACTAVIS
Actelion,ACTELION
Actelion Pharmaceuticals France,ACTELION
ACTELION PHARMACEUTICALS FRANCE,ACTELION
ACTELION PHARMACEUTICALS FRANCE*,ACTELION
ACTELION+PHARMACEUTICALS+FRANCE,ACTELION
ADAIR,ADAIR
Addmedica,ADDMEDICA
ADDMEDICA,ADDMEDICA
ADDMEDICA SAS*,ADDMEDICA
ADDMEDICA+SAS,ADDMEDICA
ADEP ASSISTANCE,ADEP ASSISTANCE
Adept Field Solutions,Adept Field Solutions
ADIRAL Association d'Aide aux Traitements à Domicile,ADIRAL Association d'Aide aux Traitements à Domicile
ADIR ASSISTANCE,ADIR ASSISTANCE
Adler Ortho srl,ADLER ORTHO
ADLER ORTHO SRL,ADLER ORTHO
Advanced Accelerator Applications,Advanced Accelerator Applications
ADVANCED BIONICS SARL,ADVANCED BIONICS
ADVICENNE,ADVICENNE
Aegerion Pharmaceuticals,Aegerion Pharmaceuticals
AEPODIA+SA,AEPODIA SA
Affinites Sante,AFFINITES SANTE
AFFINITES SANTE,AFFINITES SANTE
Agence Conseil 3P,Agence Conseil 3P
Agfa HealthCare France,Agfa HealthCare
Agfa HealthCare France*,Agfa HealthCare
AGFA+HEALTHCARE+France,Agfa HealthCare
Agfa HealthCare France SA,Agfa HealthCare
AGFA Healthcare Imaging Agents France,AGFA Healthcare Imaging Agents
AGIR à dom Assistance,AGIR à dom Assistance
Aide aux Insuffisants Respiratoires de la Région Auvergne (A.I.R.R.A.),Aide aux Insuffisants Respiratoires de la Région Auvergne
AIR A DOMICILE,AIR DOMICILE
A.I.R.,A.I.R.
AIR DOMICILE SANTE ALPES,AIR DOMICILE
AIR DOMICILE VALLEE DU RHONE,AIR DOMICILE
AIR LIQUIDE MEDICAL SYSTEMS,AIR LIQUIDE
AIR LIQUIDE SANTE FRANCE,AIR LIQUIDE
AIR LIQUIDE SANTE (INTERNATIONAL),AIR LIQUIDE
AIR SANTE,AIR SANTE
ALAIN AFFLELOU FRANCHISEUR,ALAIN AFFLELOU FRANCHISEUR
ALAIR & AVD,ALAIR & AVD
Alcimed SARL,Alcimed
Alcimed SAS,Alcimed
Alcon,ALCON
ALERE E-SANTE SAS,ALERE
ALERE+E-SANTE+SAS,ALERE
ALERE SAS,ALERE
ALERE+SAS,ALERE
Alexion Pharma France,Alexion Pharma
ALFA WASSERMANN PHARMA,ALFA WASSERMANN PHARMA
ALFA+WASSERMANN+PHARMA,ALFA WASSERMANN PHARMA
ALISEO,ALISEO
Alizé Santé,Alizé Santé
ALK-Abello,ALK-Abello
ALK-Abello*,ALK-Abello
ALK-Abelló,ALK-Abello
ALK,ALK
Allergan France,ALLERGAN
ALLERGAN FRANCE,ALLERGAN
ALLERGAN France SAS*,ALLERGAN
ALLERGAN FRANCE SAS,ALLERGAN
All Global,All Global
alliance healthcare repartition,alliance healthcare repartition
ALLP MEDITEC,ALLP MEDITEC
ALMIRALL SAS,ALMIRALL
ALMUS,ALMUS
ALPINE SCIENTIFIC,ALPINE SCIENTIFIC
ALSANZA sarl,ALSANZA
AMC APPAREILLAGE ET MATERIEL DE CARDIOLOGIE,AMC APPAREILLAGE ET MATERIEL DE CARDIOLOGIE
A.MENARINI diagnostics,A.MENARINI Diagnostics
A.MENARINI Diagnostics,A.MENARINI Diagnostics
A.MENARINI Diagnostics*,A.MENARINI Diagnostics
American Medical Systems France,AMERICAN MEDICAL SYSTEMS
AMERICAN+MEDICAL+SYSTEMS+France,AMERICAN MEDICAL SYSTEMS
American Orthodontics,American Orthodontics
Amgen,AMGEN
AMGEN SAS,AMGEN
AMGEN SAS*,AMGEN
AMGEN+SAS,AMGEN
A.M.I. France,A.M.I.
AMO France,AMO
AMO France SAS*,AMO
AMO FRANCE SAS,AMO
AMO+FRANCE+SAS,AMO
Amplifon Groupe France,Amplifon Groupe
AMPLITUDE,AMPLITUDE
AMPLITUDE SAS,AMPLITUDE
AMS 25,AMS 25
AMS 70,AMS 70
ANTHOGYR,ANTHOGYR
APARD,APARD
APPAREILLAGE+ET+MATERIEL+DE+CARDIOLOGIE+SAS,AMC APPAREILLAGE ET MATERIEL DE CARDIOLOGIE
Applied Medical France,Applied Medical
APTALIS PHARMA SAS,APTALIS PHARMA
ARAIR Assistance,ARAIR Assistance
ARAIRCHAR,ARAIRCHAR
arard,arard
Archimedes,Archimedes
ARCHIMEDES PHARMA France,ARCHIMEDES PHARMA
ARCHIMEDES+PHARMA+FRANCE+SAS,ARCHIMEDES PHARMA
ARCOS,ARCOS
ARGENE,ARGENE
ARGENE*,ARGENE
ARGON MEDICAL DEVICES,ARGON MEDICAL DEVICES
ARIAD Pharmaceuticals (France),ARIAD Pharmaceuticals
ARIAD+Pharmaceuticals+France+SARL,ARIAD Pharmaceuticals
ARIAD Pharmaceuticals (France) Sàrl*,ARIAD Pharmaceuticals
ARJOHUNTLEIGH,ARJOHUNTLEIGH
ARROW GENERIQUES SAS,ARROW GENERIQUES
Arrow génériques SAS*,ARROW GENERIQUES
ARROW gereriques*,ARROW GENERIQUES
Arthrex SAS,ARTHREX
ARTHREX SAS*,ARTHREX
ARTHREX+SAS,ARTHREX
Arthritis Fondation Courtin,Arthritis Fondation Courtin
ArthroCare France,ArthroCare
ASAHI INTECC CO. LTD.,ASAHI INTECC
ASDIA,ASDIA
Asept InMed,Asept InMed
ASPEN FRANCE,ASPEN
ASPIDE AESTHETIC,ASPIDE AESTHETIC
ASPIDE MEDICAL,ASPIDE MEDICAL
ASPIDE MEDICAL*,ASPIDE MEDICAL
ASSISTANCE DU GRAND EST,ASSISTANCE DU GRAND EST
ASSISTANCES MEDICALES SPECIALISEES,ASSISTANCES MEDICALES SPECIALISEES
Astellas,Astellas
ASTELLAS PHARMA,ASTELLAS PHARMA
ASTELLAS PHARMA*,ASTELLAS PHARMA
ASTON MEDICAL Anciennement SOCIETE DE GENIE MEDICAL - S.G.M.,ASTON MEDICAL
ASTON MEDICAL,ASTON MEDICAL
ASTON+MEDICAL,ASTON MEDICAL
Astrazeneca,ASTRAZENECA
ASTRAZENECA,ASTRAZENECA
ASTRAZENECA*,ASTRAZENECA
ATOS+MEDICAL,ATOS MEDICAL
ATOS MEDICAL SAS,ATOS MEDICAL
ATO Zizine,ATO Zizine
AtriCure Inc.,AtriCure
AUDIKA,AUDIKA
Audika Groupe SA,Audika Groupe
AUDIKA+HARDOUIN,AUDIKA HARDOUIN
AUDIOCONSULTING,AUDIOCONSULTING
AUDIOMEDI SAS,AUDIOMEDI
AUDIOPTIC TRADE SERVICES,AUDIOPTIC TRADE SERVICES
AUDITION CONSEIL FRANCE,AUDITION CONSEIL
Audition Martin,Audition Martin
AUDITION SANTE,AUDITION SANTE
AUDITION+SANTE,AUDITION SANTE
AVANTEC,AVANTEC
AX'AIR MEDICAL,AX AIR MEDICAL
AX AIR MÉDICAL,AX AIR MEDICAL
AXDOM VAR,AXDOM VAR
Axess Research,Axess Research
AXONAL,AXONAL
B3TSI,B3TSI
BALT INTERNATIONAL,BALT
BALT+INTERNATIONAL,BALT
Bard,BARD
BARD FRANCE SAS,BARD
BARD FRANCE SAS*,BARD
BARD+FRANCE+SAS,BARD
Bastide Le Confort Médical,Bastide Le Confort Médical
BAUERFEIND FRANCE,BAUERFEIND
Bausch+Lomb,BAUSCH LOMB
BAUSCH+++LOMB,BAUSCH LOMB
Baxter SAS,Baxter
BAYER ,BAYER
Bayer HealthCare SAS,Bayer HealthCare
BAYER SANTE,BAYER
BAYER SANTE*,BAYER
BAYER+SANTE,BAYER
Bayer Santé ,BAYER
BAYER SANTE division medical care*,BAYER
BAYER SANTE FAMILIALE,BAYER
BAYER SANTE FAMILIALE*,BAYER
BAYER+SANTE+FAMILIALE,BAYER
B.+Braun+Avitum+France,B. Braun Avitum
B. Braun Avitum France SAS,B. Braun Avitum
B.Braun,B.BRAUN
B BRAUN,B.BRAUN
B.BRAUN MEDICAL SAS,B.BRAUN
B.BRAUN MEDICAL SAS*,B.BRAUN
B.BRAUN+MEDICAL+SAS,B.BRAUN
BD,BD
Beaver-Visitec Int'l Sales Ltd,Beaver-Visitec Int'l Sales
BECKMAN COULTER FRANCE,BECKMAN COULTER
Becton Dickinson France,Becton Dickinson
Becton Dickinson France SAS,Becton Dickinson
BECTON DICKINSON France SAS  *,Becton Dickinson
BECTON+DICKINSON+France+SAS,Becton Dickinson
Beiersdorf s.a.s,Beiersdorf s.a.s
BEST OF OPTIMIZERS,BEST OF OPTIMIZERS
BioAlliance Pharma,BioAlliance Pharma
BIOCODEX,BIOCODEX
BIOCODEX*,BIOCODEX
Biofortis SAS,Biofortis
BIOGARAN,BIOGARAN
BIOGARAN*,BIOGARAN
Biogen idec,BIOGEN IDEC
BIOGEN IDEC FRANCE,BIOGEN IDEC
BIOGEN IDEC FRANCE*,BIOGEN IDEC
BIOGEN+IDEC+FRANCE,BIOGEN IDEC
BioHorizons Iberica S.R.L.,BioHorizons Iberica S.R.L.
Biomarin Europe Ltd.,Biomarin
BIOMATLANTE SA,BIOMATLANTE
BIOMERIEUX,BIOMERIEUX
bioMérieux,BIOMERIEUX
bioMérieux*,BIOMERIEUX
BIOMET 3i,BIOMET
BIOMET,BIOMET
BIOMET*,BIOMET
BIOM'UP,BIOM'UP
BIOPROJET,BIOPROJET
BIOPROJET PHARMA,BIOPROJET PHARMA
BIO-RAD,BIO-RAD
BIO-RAD Laboratories Inc.,BIO-RAD Laboratories
BIO-RAD SNC*,BIO-RAD SNC
Biosensors France SAS,Biosensors
Biosphere Medical Inc.,Biosphere Medical
Biosphere Medical S.A.,Biosphere Medical
BIOTECH DENTAL,BIOTECH DENTAL
BIOTECH ORTHO,BIOTECH ORTHO
BIOTEST AG,BIOTEST AG
Biotronik,BIOTRONIK
BIOTRONIK,BIOTRONIK
BIOTRONIK France*,BIOTRONIK
BIOTRONIK FRANCE SAS,BIOTRONIK
BIOVENTUS,BIOVENTUS
Bisico,Bisico
BOEHRINGER INGELHEIM*,BOEHRINGER INGELHEIM
BOEHRINGER INGELHEIM France,BOEHRINGER INGELHEIM
BOEHRINGER+INGELHEIM+France,BOEHRINGER INGELHEIM
BOEHRINGER INGELHEIM FRANCE,BOEHRINGER INGELHEIM
BOIRON,BOIRON
BOIRON CARAIBES,BOIRON CARAIBES
BOIRON OCEAN INDIEN,BOIRON OCEAN INDIEN
BOSTON SCIENTIFIC*,BOSTON SCIENTIFIC
Boston Scientific SAS  ,BOSTON SCIENTIFIC
Boston+Scientific+SAS,BOSTON SCIENTIFIC
BOSTON SCIENTIFIC SAS,BOSTON SCIENTIFIC
Bracco Imaging France,BRACCO IMAGING
BRACCO IMAGING FRANCE,BRACCO IMAGING
BRAHMS France SAS*,BRAHMS
BRAHMS FRANCE SAS,BRAHMS
BRAHMS+FRANCE+SAS,BRAHMS
BRAHMS GmbH,BRAHMS
Brainlab,Brainlab
B.R.A. SAS,B.R.A.
BRISTOL-MEYERS+SQUIBB,BRISTOL-MYERS SQUIBB
Bristol-Myers Squibb,BRISTOL-MYERS SQUIBB
Bristol-Myers Squibb*,BRISTOL-MYERS SQUIBB
BristolMyers Squibb,BRISTOL-MYERS SQUIBB
BRISTOL-MYERS SQUIBB,BRISTOL-MYERS SQUIBB
Bristol-Myers Squibb EMEA,BRISTOL-MYERS SQUIBB
BSN medical SAS,BSN medical
BSN-RADIANTE SAS,BSN-RADIANTE
Buhlmann France,Buhlmann
BY AGENCY GROUP,BY AGENCY GROUP
C2F IMPLANTS,C2F IMPLANTS
CAIR LGL,CAIR LGL
CAIR LGL*,CAIR LGL
CAIR+LGL,CAIR LGL
CANAL 55 COMMUNICATION,CANAL 55 COMMUNICATION
CAPRON PODOLOGIE,CAPRON PODOLOGIE
Cardim@t,Cardim@t
cardipulse,cardipulse
CAREFUSION 309 SAS*,CAREFUSION 309
CAREFUSION+309+SAS,CAREFUSION 309
Carefusion ,Carefusion
CAREFUSION FRANCE 309 SAS,CAREFUSION 309
CARL+ZEISS+MEDITEC,CARL ZEISS MEDITEC
Carl Zeiss Meditec France,CARL ZEISS MEDITEC
Carl Zeiss Meditec SAS,CARL ZEISS MEDITEC
CARMAT,CARMAT
CELGENE,CELGENE
CELGENE SARL,CELGENE
CELGENE SARL*,CELGENE
CELGENE+SARL,CELGENE
CELONOVA BIOSCIENCES OF EUROPE B.V,CELONOVA BIOSCIENCES OF EUROPE
CENDRES+METAUX FRANCE SAS,CENDRES METAUX
CENTRALE DES OPTICIENS,CENTRALE DES OPTICIENS
CENTRALE DES PEELINGS,CENTRALE DES PEELINGS
Centre de stomathérapie,Centre de stomathérapie
CEPHALON*,CEPHALON
CEPHEID*,CEPHEID
Cepheid Europe SAS,CEPHEID
Ceraver,CERAVER
CERAVER,CERAVER
CEREPLAS,CEREPLAS
Cerus Corporation,Cerus Corporation
Cezanne,Cezanne
Champagne,Champagne
CHEMO S.A. FRANCE,CHEMO S.A.
Chiesi,CHIESI
CHIESI S.A.*,CHIESI
CHIESI SA,CHIESI
CHIESI+S.A,CHIESI
chris eyes,chris eyes
CHUGAI PHARMA FRANCE,CHUGAI PHARMA
CHUGAI PHARMA FRANCE*,CHUGAI PHARMA
CHUGAI+PHARMA+FRANCE,CHUGAI PHARMA
CIS BIO INTERNATIONAL,CIS BIO
CIZETA MEDICALI France,CIZETA MEDICALI
CLARIANCE,CLARIANCE
CLINICPROSPORT SAS,CLINICPROSPORT
Cochlear France,Cochlear
Codexial Dermatologie,Codexial Dermatologie
colgate palmolive,colgate palmolive
Colgate Palmolive SAS,colgate palmolive
COLLIN,COLLIN
COLOPLAST A/S,COLOPLAST
COLOPLAST AS,COLOPLAST
Coloplast DK,COLOPLAST
Coloplast DN,COLOPLAST
Coloplast Fr,COLOPLAST
Coloplast Manufacturing France,COLOPLAST
COLOPLAST MANUFACTURING France,COLOPLAST
COLOPLAST MANUFACTURING France*,COLOPLAST
COLOPLAST+SA,COLOPLAST
Conceptus SAS,Conceptus
CONGRES COLLOQUES CONVENTIONS,CONGRES COLLOQUES CONVENTIONS
CONMED France,CONMED
ConsuMed Research,ConsuMed Research
Convatec,CONVATEC
Cook France SARL,Cook
Cook Medical Ireland*,Cook Medical Ireland
COOPERATION PHARMACEUTIQUE FRANCAISE,COOPERATION PHARMACEUTIQUE FRANCAISE
COOPERATION+PHARMACEUTIQUE+FRANCAISE,COOPERATION PHARMACEUTIQUE FRANCAISE
Cooper,Cooper
COOPERVISION,COOPERVISION
COOPERVISION SAS,COOPERVISION
Cordis,CORDIS
CORDIS,CORDIS
CORDIS*,CORDIS
CORMOVE,CORMOVE
CORONA MEDICAL SAS,CORONA MEDICAL
CORREVIO,CORREVIO
CORREVIO*,CORREVIO
COSMETIQUE ACTIVE FRANCE,COSMETIQUE ACTIVE
COSMETIQUE+ACTIVE+FRANCE,COSMETIQUE ACTIVE
COSMETIQUE ACTIVE INTERNATIONAL,COSMETIQUE ACTIVE
COSMETIQUE+ACTIVE+INTERNATIONAL,COSMETIQUE ACTIVE
COUSIN BIOSERV,COUSIN BIOSERV
COUSIN+BIOSERV,COUSIN BIOSERV
COUSIN BIOTECH,COUSIN BIOTECH
COUSIN+BIOTECH,COUSIN BIOTECH
COUSIN ENDOSURG,COUSIN ENDOSURG
COUSIN ENDOSURG*,COUSIN ENDOSURG
Covance Clinical And Periapproval Services SARL,Covance Clinical And Periapproval Services
COVANCE,COVANCE
Covidien AG,COVIDIEN
Covidien,COVIDIEN
COVIDIEN FRANCE S.A.S.,COVIDIEN
COVIDIEN FRANCE SAS,COVIDIEN
COVIDIEN FRANCE SAS*,COVIDIEN
COVIDIEN+FRANCE+SAS,COVIDIEN
COVIDIEN IMAGING France*,COVIDIEN IMAGING
COVIDIEN+IMAGING+France,COVIDIEN IMAGING
C@RDISTIM,C@RDISTIM
CRISTALENS SA,CRISTALENS
CROMA,CROMA
CSL Behring ,CSL BEHRING
CSL BEHRING SA,CSL BEHRING
CSL BEHRING SA*,CSL BEHRING
CVRx Inc.,CVRx
Cyberonics France,Cyberonics
Cyberonics SA,Cyberonics
Daiichi-Sankyo,DAIICHI SANKYO
DAIICHI SANKYO France*,DAIICHI SANKYO
DAIICHI+SANKYO+France,DAIICHI SANKYO
DAIICHI SANKYO FRANCE SAS,DAIICHI SANKYO
DDB Health Paris,DDB Health
DDB+HEALTH+PARIS,DDB Health
DDS Assistance,DDS Assistance
DEBREGEAS ET ASSOCIES PHARMA,DEBREGEAS ET ASSOCIES PHARMA
DEFI ORTHO,DEFI ORTHO
DENTSPLY FRANCE,DENTSPLY
DENTSPLY France S.A.S.,DENTSPLY
Dentsply Gac Europe,Dentsply Gac
Dentsply IH,DENTSPLY
DENTSPLY IH,DENTSPLY
DENTSPLY+IH,DENTSPLY
DENTSPLY Implants,DENTSPLY
Depuy,DEPUY
DEPUY,DEPUY
DEPUY*,DEPUY
DEPUY France,DEPUY
Devicor Medical,Devicor Medical
Dexter,Dexter
DGA SAS*,DGA
DIABSANTE,DIABSANTE
DIAGAST,DIAGAST
DIAGNOSTICA STAGO,DIAGNOSTICA STAGO
Diamed France*,Diamed
Diamed France SA,Diamed
DIASORIN S.A.*,DIASORIN
DIASORIN SA,DIASORIN
DIASORIN+S.A,DIASORIN
DIAXONHIT,DIAXONHIT
DINNO SANTE,DINNO SANTE
DIS PAR,DIS PAR
DIXI microtechniques,DIXI microtechniques
DJO France SAS,DJO
DRÄGER MEDICAL GmbH,DRAGER MEDICAL
DRAGER MEDICAL S.A.S.,DRAGER MEDICAL
DRAGER MEDICAL SAS,DRAGER MEDICAL
DRAGER+MEDICAL+SAS,DRAGER MEDICAL
DUOTECH,DUOTECH
DÜRR DENTAL FRANCE,DÜRR DENTAL
Echosens,ECHOSENS
ECHOSENS,ECHOSENS
EDAP TMS France,EDAP TMS
EDAP+TMS+FRANCE,EDAP TMS
EDAP TMS France SAS,EDAP TMS
EDITION DE L'INTERLIGNE,EDITION DE L'INTERLIGNE
Edwards,Edwards
EDWARDS LIFESCIENCES ALLEMAGNE,EDWARDS LIFESCIENCES
EDWARDS LIFESCIENCES BELGIQUE,EDWARDS LIFESCIENCES
EDWARDS LIFESCIENCES CORPORATION,EDWARDS LIFESCIENCES
EDWARDS LIFESCIENCES,EDWARDS LIFESCIENCES
EDWARDS LIFESCIENCES*,EDWARDS LIFESCIENCES
EDWARDS LIFESCIENCES ITALIE,EDWARDS LIFESCIENCES
EDWARDS LIFESCIENCES JAPON,EDWARDS LIFESCIENCES
EDWARDS LIFESCIENCES REPUBLIQUE TCHEQUE,EDWARDS LIFESCIENCES
EDWARDS LIFESCIENCES ROYAUME-UNI,EDWARDS LIFESCIENCES
EDWARDS LIFESCIENCES SUISSE,EDWARDS LIFESCIENCES
EFFICARE SARL,EFFICARE
EFFIK,EFFIK
EFFIK*,EFFIK
EG LABO*,EG LABO
EG LABO - LABORATOIRES EUROGENERICS,EG LABO
EISAI SAS,EISAI
ELEKTA SAS,ELEKTA
ELIA MEDICAL,ELIA MEDICAL
ELIA MEDICAL MEDITERRANEE,ELIA MEDICAL
ELIA MEDICAL OUEST,ELIA MEDICAL
ELIA MEDICAL PARIS OUEST,ELIA MEDICAL
ELIAMM SARL,ELIAMM
ELITech France,ELITech
Elixo SAS,Elixo
ELSODENT,ELSODENT
Endologix,ENDOLOGIX
ENDOLOGIX INTERNATIONAL BV,ENDOLOGIX
Eole santé,Eole santé
EOLIS SANTE,EOLIS SANTE
Eos imaging,EOS IMAGING
EOS+IMAGING,EOS IMAGING
EPISKIN,EPISKIN
ESAOTE+FRANCE,ESAOTE FRANCE
ESAOTE Medical,ESAOTE Medical
Essilor,Essilor
ETHICON,ETHICON
ETHICON*,ETHICON
ETHYPHARM,ETHYPHARM
EUMEDICA ,EUMEDICA
EUMEDICA s.a.,EUMEDICA
EUMEDICA+SA,EUMEDICA
EUROFINS OPTIMED,EUROFINS OPTIMED
EUROFINS OPTIMED LYON,EUROFINS OPTIMED
EUROPHTA,EUROPHTA
EUROS,EUROS
EUROSILICONE SAS,EUROSILICONE
EUROSILICONE+SAS,EUROSILICONE
EUROS SAS,EUROS
EUSA PHARMA*,EUSAPHARMA
EUSAPHARMA,EUSAPHARMA
EUSA PHARMA SAS,EUSAPHARMA
EVALYS sas,EVALYS
EVALYS SAS,EVALYS
EVOLUTIS,EVOLUTIS
EXACTECH FRANCE,EXACTECH
EXACTECH+FRANCE,EXACTECH
EXACTECH FRANCE SAS,EXACTECH
EXAFIELD,EXAFIELD
EXPANSCIENCE*,EXPANSCIENCE
e(ye)BRAIN,e(ye)BRAIN
FCI*,FCI
FCI SAS,FCI
FCI SAS*,FCI
FCI+SAS,FCI
FERRING SAS,FERRING
FH Orthopedics,FH ORTHOPEDICS
FH ORTHOPEDICS,FH ORTHOPEDICS
FH+ORTHOPEDICS,FH ORTHOPEDICS
FIMED,FIMED
FISHER & PAYKEL HEALTHCARE SAS,FISHER & PAYKEL HEALTHCARE
FLORALIS,FLORALIS
FLUOPTICS,FLUOPTICS
FOURNITURES HOSPITALIERES,FOURNITURES HOSPITALIERES
FOVEA PHARMACEUTICALS,FOVEA PHARMACEUTICALS
Fresenius,Fresenius
FRESENIUS KABI FRANCE,FRESENIUS KABI
Fresenius Medical Care France S.A.S.,FRESENIUS MEDICAL CARE
FRESENIUS MEDICAL CARE FRANCE SAS*,FRESENIUS MEDICAL CARE
FRESENIUS+MEDICAL+CARE+FRANCE+SAS,FRESENIUS MEDICAL CARE
FRESENIUS VIAL,FRESENIUS KABI
FUJIFILM Medical Systems France,FUJIFILM Medical Systems
FUJIREBIO FRANCE SARL,FUJIREBIO
FUMOUZE DIAGNOSTICS - SOFIBEL,SOFIBEL
FX SOLUTIONS,FX SOLUTIONS
GACD,GACD
GADOL OPTIC 2000,GADOL OPTIC 2000
galderma international,galderma international
GaldermaQMed,GaldermaQMed
Galderma Research & Development,Galderma Research & Development
Gambro,GAMBRO
GAMBRO,GAMBRO
GAMBRO*,GAMBRO
GAMBRO HOSPAL SAS,GAMBRO HOSPAL
GAMBRO INDUSTRIES,GAMBRO INDUSTRIES
GAMIDA,GAMIDA
GAMIDA*,GAMIDA
GC FRANCE SAS,GC
GEDEON+RICHTER+France+-+Division+Sante+de+la+Femme,GEDEON RICHTER
GEDEON RICHTER France - Division Santé de la Femme,GEDEON RICHTER
GE HEALTHCARE SAS,GE HEALTHCARE
GE+HEALTHCARE+SAS,GE HEALTHCARE
GEISTLICH PHARMA FRANCE,GEISTLICH PHARMA
GE+MEDICAL+SYSTEMS,GE Medical Systems
GE Medical Systems SCS,GE Medical Systems
Genactis SAS,Genactis
GENERIC IMPLANTS,GENERIC IMPLANTS
GENEURO,GENEURO
GENEURO INNOVATION,GENEURO INNOVATION
Genmab A/S,Genmab A/S
GENOMIC HEALTH,GENOMIC HEALTH
Genzyme,Genzyme
GETINGE France,GETINGE
GIBAUD,GIBAUD
GIE DIALYSE SERVICES,GIE DIALYSE SERVICES
GIFRER BARBEZAT,GIFRER BARBEZAT
Gilead,Gilead
GILEAD SCIENCES,GILEAD SCIENCES
GILEAD SCIENCES*,GILEAD SCIENCES
GIVEN IMAGING,GIVEN IMAGING
GlaxoSmithKline Biologicals,GLAXOSMITHKLINE
GLAXOSMITHKLINE SANTE GRAND PUBLIC,GLAXOSMITHKLINE
GlaxoSmithKline Sante Grand Public SAS,GLAXOSMITHKLINE
GlaxoSmithKline Santé Grand Public SAS,GLAXOSMITHKLINE
GlaxoSmithKline Santé Grand Public SAS*,GLAXOSMITHKLINE
GLOBAL D,GLOBAL D
GLOBAL+D,GLOBAL D
GLocal Mind Inc,GLocal Mind
gn hearing sas,gn hearing
GN OTOMETRICS,GN OTOMETRICS
GRAFTYS SA,GRAFTYS
GRAFTYS+SA,GRAFTYS
" Granules et Seringues, Granules et Seringues",Granules et Seringues
Grey Healthcare Paris,Grey Healthcare Paris
GRIFOLS France,GRIFOLS
GRIFOLS,GRIFOLS
GRIFOLS*,GRIFOLS
GROUPE LEPINE,GROUPE LEPINE
GROUPE SEBBIN,GROUPE SEBBIN
Grunenthal,GRUNENTHAL
GSK,GLAXOSMITHKLINE
GUERBET France,GUERBET
Guerbet,GUERBET
GUERBET,GUERBET
GUERBET*,GUERBET
GUILDE DES LUNETIERS,GUILDE DES LUNETIERS
GXEL MEDICAL SARL,GXEL MEDICAL
H.A.C.Pharma,H.A.C.Pharma
HANDI PHARM LIMOUSIN,HANDI PHARM
HANDI PHARM OCEAN,HANDI PHARM OCEAN
HANDI PHARM POITOU,HANDI PHARM POITOU
Hansen Medical Inc.,Hansen Medical
Hartmann,Hartmann
HD MEDICAL,HD MEDICAL
Health Advances,Health Advances
HEALTHCAREGEN COMMUNICATION,HEALTHCAREGEN COMMUNICATION
HEMA.T MEDICAL,HEMA.T MEDICAL
HEMODIA SAS,HEMODIA
HEMODIA SAS*,HEMODIA
HEMODIA+SAS,HEMODIA
Hemotech,HEMOTECH
HEMOTECH,HEMOTECH
HEMOTECH SA*,HEMOTECH
HEMOTECH+SA,HEMOTECH
HENRY SCHEIN FRANCE SCA,HENRY SCHEIN SCA
Heraeus,HERAEUS
HERAEUS,HERAEUS
HERAEUS*,HERAEUS
HERAEUS KULZER France,HERAEUS KULZER
HERAEUS KULZER FRANCE,HERAEUS KULZER
HEXACATH FRANCE,HEXACATH
Hexacath,HEXACATH
HEXACATH,HEXACATH
HEXACATH*,HEXACATH
HILL-ROM S.A.S.,HILL-ROM S.A.S.
HOLLISTER+FRANCE,HOLLISTER
HOLLISTER FRANCE Incorporated,HOLLISTER
Hollister,HOLLISTER
HOLOGIC,HOLOGIC
Homeperf,Homeperf
HORIBA ABX SAS,HORIBA ABX
HORMETA FRANCE,HORMETA
horus pharma,horus pharma
Hospal,HOSPAL
HOSPAL,HOSPAL
HOSPAL*,HOSPAL
HOSPIDOM,HOSPIDOM
HOSPIRA FRANCE,HOSPIRA
HOYA LENS FRANCE SAS,HOYA LENS
HOYA Surgical Optics GmbH,HOYA Surgical Optics
HRA PHARMA FRANCE,HRA PHARMA
HYPHEN BIOMED SAS,HYPHEN BIOMED
ICARE,ICARE
ICOMED,ICOMED
ICON CLINICAL RESEARCH SARL,ICON CLINICAL RESEARCH
ICON+CLINICAL+RESEARCH+SARL,ICON CLINICAL RESEARCH
ICTA PM,ICTA PM
ICTA+PM,ICTA PM
IDEC 56,IDEC 56
IDS+FRANCE,IDS FRANCE
IMACCESS,IMACCESS
IMAGO RESEARCH,IMAGO RESEARCH
Imaxio,IMAXIO
IMAXIO,IMAXIO
Immucor France,Immucor
Immunodiagnostic Systems SAS (IDS SAS)*,ImmunoDiagnostic Systems
ImmunoDiagnostic Systems SAS,ImmunoDiagnostic Systems
IMPLANET SA,IMPLANET
IMPLANTS SERVICE ORTHOPEDIE,IMPLANTS SERVICE ORTHOPEDIE
IMS Health Belgique,IMS HEALTH
IMS HEALTH SAS,IMS HEALTH
IMS Medical Radar,IMS Medical Radar
In2Bones,In2Bones
INGEN,INGEN
INGEN*,INGEN
INNATE PHARMA,INNATE PHARMA
INNOGENETICS France SARL*,INNOGENETICS
InnOpath sarl,InnOpath
INNOTECH+INTERNATIONAL,INNOTECH INTERNATIONAL
Innothera Services,Innothera Services
INOVITALE,INOVITALE
Insight Research Group,Insight Research Group
INSTITUT GEORGES LOPEZ,INSTITUT GEORGES LOPEZ
INSTITUT MERIEUX,INSTITUT MERIEUX
INSTITUT STERLING COOPER,INSTITUT STERLING COOPER
INSTRUMENTATION LABORATORY,INSTRUMENTATION LABORATORY
INSTRUMENTATION LABORATORY*,INSTRUMENTATION LABORATORY
INSTRUMENTATION+LABORATORY,INSTRUMENTATION LABORATORY
Integra,Integra
Integra LifeScience Services France,Integra
Integra LifeScience Services France*,Integra
Integra LifeSciences Services (France),Integra
INTEGRAL ORTHO,INTEGRAL ORTHO
InterMune France SAS,INTERMUNE
INTERMUNE*,INTERMUNE
INTERVASCULAR SAS,INTERVASCULAR
Inter-View Partners France,Inter-View Partners
INTUITIVE SURGICAL SARL,INTUITIVE SURGICAL
IP Santé domicile,IP Santé domicile
IPSEN INNOVATION,IPSEN INNOVATION
Ipsen,IPSEN
IPSEN,IPSEN
IPSEN*,IPSEN
IPSEN PHARMA,IPSEN PHARMA
Iris Pharma,Iris Pharma
ISIS ATLANTIQUE,ISIS
ISIS COTE D'AZUR,ISIS
ISIS GUADELOUPE,ISIS
ISIS LANGUEDOC ROUSSILLON,ISIS
Isis Méditerranée,ISIS
ISIS NORMANDIE,ISIS
ISIS PARIS NORD,ISIS
ISIS PARIS NORMANDIE,ISIS
ISIS PARIS OUEST,ISIS
ISIS PARIS SUD,ISIS
ITEC SERVICES,ITEC SERVICES
Ivoclar Vivadent SAS,Ivoclar Vivadent
IVTEC (Iol Vision Technology),IVTEC (Iol Vision Technology)
IXAIR ASSISTANCE,IXAIR ASSISTANCE
IXXI,IXXI
JANSSEN CILAG*,JANSSEN CILAG
JANSSEN-CILAG,JANSSEN CILAG
JANSSEN+CILAG,JANSSEN CILAG
Johnson et Johnson Santé Beauté France,Johnson et Johnson Santé Beauté
Johnson&Johnson Santé Beauté France,Johnson et Johnson Santé Beauté
Julius Zorn GmbH,JULIUS ZORN GMBH
JULIUS ZORN GMBH,JULIUS ZORN GMBH
Kantar Health,Kantar Health
KARL STORZ ENDOSCOPIE FRANCE SAS,KARL STORZ ENDOSCOPIE
Karl Storz Gmbh and co KG,Karl Storz Gmbh and co KG
KARUKERA AUDITION,KARUKERA AUDITION
Kavo Dental SAS,Kavo Dental
KEOCYT,KEOCYT
KEOCYT*,KEOCYT
Kimberly-Clark SAS,Kimberly-Clark
KISCO International,KISCO
KISCO+INTERNATIONAL,KISCO
Kisco,KISCO
KOMET FRANCE,KOMET
KRKA FRANCE EURL,KRKA EURL
Kuraray Europe France,Kuraray
KYD ORTHOPEDIE,KYD ORTHOPEDIE
LABCATAL,LABCATAL
LABO,LABO
Laboratoier Innotech international,Laboratoier Innotech international
Laboratoire AGUETTANT,AGUETTANT
LABORATOIRE AGUETTANT*,AGUETTANT
Laboratoire AGUETTANT Société par Actions Simplifiée,AGUETTANT
LABORATOIRE ATO-ZIZINE,ATO Zizine
laboratoire BAUSCH&LOMB,laboratoire BAUSCH&LOMB
Laboratoire Bioderma,Bioderma
Laboratoire CCD,CCD
LABORATOIRE C.C.D.,CCD
LABORATOIRE+C.C.D,CCD
LABORATOIRE+CHAUVIN,LABORATOIRE CHAUVIN
laboratoire de correction auditive de dijon,laboratoire de correction auditive de dijon
LABORATOIRE DENSMORE,DENSMORE
Laboratoire DERMSCAN,DERMSCAN
Laboratoire+DERMSCAN+PALMER+RESEARCH+PHARMASCAN,DERMSCAN
LABORATOIRE DES GRANIONS,DES GRANIONS
Laboratoire du Dermophil Indien,Laboratoire du Dermophil Indien
LABORATOIRE EREMPHARMA,EREMPHARMA
LABORATOIRE+EREMPHARMA,EREMPHARMA
Laboratoire français du Fractionnement et des Biotechnologies,Laboratoire français du Fractionnement et des Biotechnologies
Laboratoire GANDHOUR,GANDHOUR
LABORATOIRE GLAXOSMITHKLINE,GLAXOSMITHKLINE
Laboratoire GlaxoSmithKline SAS,GLAXOSMITHKLINE
Laboratoire GlaxoSmithKline SAS*,GLAXOSMITHKLINE
Laboratoire+GlaxoSmithKline+SAS,GLAXOSMITHKLINE
Laboratoire Innothera,INNOTHERA
LABORATOIRE INNOTHERA*,INNOTHERA
LABORATOIRE+INNOTHERA,INNOTHERA
LABORATOIRE IPRAD PHARMA*,IPRAD PHARMA
LABORATOIRE JALDES,JALDES
LABORATOIRE KCI MEDICAL,KCI MEDICAL
Laboratoire Kreussler pharma,Kreussler pharma
LABORATOIRE MENE ET MOY,MENE ET MOY
Laboratoire MSD Chibret,MSD Chibret
LABORATOIRE+NORDIC+PHARMA,LABORATOIRE NORDIC PHARMA
Laboratoire Novex,NOVEX PHARMA
Laboratoire Novex Pharma,NOVEX PHARMA
Laboratoire NOVEX Pharma*,NOVEX PHARMA
LABORATOIRE NOVEX PHARMA,NOVEX PHARMA
LABORATOIRE+NOVEX+PHARMA,NOVEX PHARMA
LABORATOIRE NUXE,NUXE
LABORATOIRE RENAUDIN,RENAUDIN
LABORATOIRES ALCON,ALCON
LABORATOIRES+ALCON,ALCON
LABORATOIRES ALTER,ALTER
LABORATOIRES ARION,ARION
Laboratoires ARKOPHARMA,ARKOPHARMA
Laboratoires AUVEX,AUVEX
Laboratoires Bailleul,Bailleul
Laboratoires BESINS INTERNATIONAL,BESINS
Laboratoires BOUCHARA RECORDATI,RECORDATI
Laboratoires BOUCHARA RECORDATI*,RECORDATI
LABORATOIRES BOUCHARA - RECORDATI,RECORDATI
Laboratoires Brothier,BROTHIER
LABORATOIRES BROTHIER,BROTHIER
Laboratoires Carilène,Carilène
LABORATOIRES CLARINS,CLARINS
LABORATOIRES COLOPLAST,COLOPLAST
LABORATOIRES COLOPLAST*,COLOPLAST
LABORATOIRES+COLOPLAST,COLOPLAST
LABORATOIRES CONVATEC,CONVATEC
LABORATOIRES CONVATEC*,CONVATEC
LABORATOIRES+CONVATEC,CONVATEC
Laboratoires Crinex,Crinex
LABORATOIRES CTRS,CTRS
Laboratoires CYCLOPHARMA,CYCLOPHARMA
LABORATOIRES DERMATOLOGIQUES URIAGE*,DERMATOLOGIQUES URIAGE
LABORATOIRES+DERMATOLOGIQUES+URIAGE,DERMATOLOGIQUES URIAGE
Laboratoires Doliage,Doliage
Laboratoires Expanscience,EXPANSCIENCE
LABORATOIRES+EXPANSCIENCE,EXPANSCIENCE
Laboratoires Galderma,GALDERMA
Laboratoires Galderma*,GALDERMA
LABORATOIRES+GALDERMA,GALDERMA
Laboratoires Genevrier,GENEVRIER
LABORATOIRES GENEVRIER,GENEVRIER
LABORATOIRES GENEVRIER*,GENEVRIER
LABORATOIRES+GENEVRIER,GENEVRIER
LABORATOIRES GILBERT,GILBERT
LABORATOIRES GRIMBERG SA,GRIMBERG
LABORATOIRES GRUNENTHAL*,GRUNENTHAL
LABORATOIRES+GRUNENTHAL,GRUNENTHAL
Laboratoires Grünenthal SAS,GRUNENTHAL
Laboratoires inneov SNC,inneov SNC
Laboratoires IPRAD PHARMA,IPRAD PHARMA
Laboratoires Juva Production,Juva Production
LABORATOIRES JUVISE PHARMACEUTICALS,JUVISE PHARMACEUTICALS
LABORATOIRES LEHNING SAS,LEHNING
LABORATOIRES LEO*,LEO
LABORATOIRES+LEO+SAS,LEO PHARMA
Laboratoires Leurquin Mediolanum,Leurquin Mediolanum
Laboratoires Lohmann & Rauscher,Lohmann & Rauscher
Laboratoires Lohmann & Rauscher SAS,Lohmann & Rauscher
Laboratoires Lohmann & Rauscher SAS*,Lohmann & Rauscher
LABORATOIRES+LOHMANN++RAUSCHER+SAS,Lohmann & Rauscher
LABORATOIRES MAYOLY SPINDLER,MAYOLY SPINDLER
Laboratoires Menarini,MENARINI
Laboratoires NEGMA,NEGMA
LABORATOIRES NEGMA,NEGMA
LABORATOIRES NIGY,NIGY
Laboratoires Omega Pharma France*,OMEGA PHARMA
LABORATOIRES OMEGA PHARMA FRANCE,OMEGA PHARMA
Laboratoires PHARMA 2000,PHARMA 2000
LABORATOIRES PHARMA 2000,PHARMA 2000
LABORATOIRES PHARMY II,PHARMA 2000
Laboratoires PRED,PRED
Laboratoires Spirig,SPIRIG
LABORATOIRES SPIRIG'*,SPIRIG
LABORATOIRES+SPIRIG,SPIRIG
LABORATOIRES SUPER DIET,SUPER DIET
Laboratoires SVR France,SVR
Laboratoires TERUMO S.A,TERUMO S.A
Laboratoires THEA,THEA
Laboratoires TONIPHARM SARL,TONIPHARM
Laboratoires Urgo,URGO
Laboratoires Urgo*,URGO
LABORATOIRES URGO,URGO
LABORATOIRES+URGO,URGO
LABORATOIRES VIVACY SAS,VIVACY
LABORATOIRES+VIVACY+SAS,VIVACY
LABORATOIRE TETRA MEDICAL,TETRA MEDICAL
Laboratoire Theramex SAM,Theramex SAM
LABORATOIRE+THERAMEX+SAM,Theramex SAM
LABORATORY IMPLANT MEDICAL DEVICE LIMMED,LABORATORY IMPLANT MEDICAL DEVICE
Labvoratoire CHAUVIN,CHAUVIN
LA DIFFUSION TECHNIQUE FRANCAISE,LA DIFFUSION TECHNIQUE FRANCAISE
LA+DIFFUSION+TECHNIQUE+FRANCAISE,LA DIFFUSION TECHNIQUE FRANCAISE
larm-o-tec,larm-o-tec
LASER,LASER
LDR Médical,LDR Médical
LEICA MICROSYSTEMES SAS,LEICA MICROSYSTEMES
Leica Microsystèmes SAS,LEICA MICROSYSTEMES
LeMaitre Vascular SAS,LEMAITRE VASCULAR
LEMAITRE+VASCULAR+SAS,LEMAITRE VASCULAR
LENTILLES SAS,LENTILLES
LEO Pharma ,LEO PHARMA
LEO Pharma,LEO PHARMA
LES LABORATOIRES BROTHIER,BROTHIER
LES LABORATOIRES BROTHIER*,BROTHIER
LES LABORATOIRES OSTEAL MEDICAL,OSTEAL MEDICAL
Les Laboratoires Servier,SERVIER
LES LABORATOIRES SERVIER,SERVIER
LES LABORATOIRES SERVIER*,SERVIER
LES+LABORATOIRES+SERVIER,SERVIER
LFB BIOMEDICAMENTS,LFB BIOMEDICAMENTS
LFB BIOMEDICAMENTS*,LFB BIOMEDICAMENTS
LFB BIOTECHNOLOGIES,LFB BIOTECHNOLOGIES
LFB BIOTECHNOLOGIES*,LFB BIOTECHNOLOGIES
LFB+BIOTECHNOLOGIES,LFB BIOTECHNOLOGIES
LifeCell EMEA Limited,LifeCell EMEA
Lilly France SAS,Lilly
Lilly France SAS*,Lilly
Lilly,Lilly
LINDE France*,LINDE
LINDE FRANCE,LINDE
LINDE HOMECARE FRANCE SAS,LINDE HOMECARE
Linde,LINDE
LION / SENECA FRANCE AUDIO,LION / SENECA AUDIO
Lipomed GmbH,Lipomed
LISSAC ENSEIGNE,LISSAC ENSEIGNE
LIVE ! BY GL EVENTS,LIVE ! BY GL EVENTS
LKN MEDICAL SARL,LKN MEDICAL
Lohmann & Rauscher,Lohmann & Rauscher
LOL PHARMA,LOL PHARMA
L'OREAL S.A.,L'OREAL S.A.
LUCANE PHARMA,LUCANE PHARMA
LUNDBECK ,LUNDBECK
LUNDBECK SAS,LUNDBECK
LUNDBECK SAS*,LUNDBECK
LUNDBECK+SAS,LUNDBECK
LVL MEDICAL CENTRE EST,LVL MEDICAL
LVL MEDICAL EST,LVL MEDICAL
LVL MEDICAL GROUPE,LVL MEDICAL
LVL MEDICAL OUEST,LVL MEDICAL
LVL MEDICAL PARIS ET NORD,LVL MEDICAL
LVL MEDICAL SUD,LVL MEDICAL
LVL MEDICAL SUD OUEST,LVL MEDICAL
M3 Global Research Ltd,M3 Global Research
MACO PHARMA,MACO
MACO Pharma / MACO Productions*,MACO
MACO+PHARMA+-+MACO+PRODUCTIONS,MACO
MACO PRODUCTIONS,MACO
MALLINCKRODT FRANCE SARL,MALLINCKRODT
Mallinckrodt,MALLINCKRODT
MANTARAY,MANTARAY
MAPI SAS,MAPI
Maquet,MAQUET
MAQUET SAS,MAQUET
MAQUET SAS*,MAQUET
MARIE AMELIE LENOIR CONSULTING - VICTA CONSEIL,MARIE AMELIE LENOIR CONSULTING - VICTA CONSEIL
MARINA,MARINA
mark'ennovy SARL,mark'ennovy
Masimo,MASIMO
Masimo*,MASIMO
MASIMO,MASIMO
Massimo,MASIMO
Mathys Orthopédie,MATHYS ORTHOPEDIE
MATHYS ORTHOPEDIE SAS,MATHYS ORTHOPEDIE
Mauna Kea Technologies,Mauna Kea Technologies
MAVALA FRANCE SA,MAVALA
Mdoloris Medical Systems,Mdoloris Medical Systems
MD ORTHO,MD ORTHO
MEDAC SAS,MEDAC
MEDACTA France,MEDACTA
MEDACTA FRANCE,MEDACTA
Medacta,MEDACTA
Meda,Meda
MEDA PHARMA,MEDA PHARMA
MEDA PHARMA*,MEDA PHARMA
MEDA+PHARMA,MEDA PHARMA
Medartis,MEDARTIS
MEDARTIS,MEDARTIS
MEDARTIS*,MEDARTIS
MEDARTIS SARL,MEDARTIS
MEDCARE,MEDCARE
Medela France Sarl,Medela
MEDEXACT,MEDEXACT
Median Conseil,Median Conseil
MEDICAL BEL AIR,MEDICAL BEL AIR
MEDICAL INNOVATION DEVELOPPEMENT,MEDICAL INNOVATION DEVELOPPEMENT
Medicare_HTM,Medicare-HTM
Medicare-HTM SAS,Medicare-HTM
MEDICONSEIL,MEDICONSEIL
MEDICREA Europe Francophone,MEDICREA
MEDICREA,MEDICREA
medi,medi
MEDIOUTREMER,MEDIOUTREMER
MEDIOUTREMER*,MEDIOUTREMER
Médi Outremer,MEDIOUTREMER
MEDISPORT,MEDISPORT
MEDITOR,MEDITOR
MEDIVAL OUTRE-MER,MEDIVAL OUTRE-MER
MEDLINE INTERNATIONAL France,MEDLINE
MEDLINE INTERNATIONAL France*,MEDLINE
Medline International France SAS,MEDLINE
MED OUEST,MED OUEST
Medtech,Medtech
MEDTRONIC France,MEDTRONIC
MEDTRONIC France*,MEDTRONIC
MEDTRONIC France S.A.S,MEDTRONIC
Medtronic,MEDTRONIC
medwork France,medwork
MENARINI France*,MENARINI
MENARINI FRANCE,MENARINI
MENICON SAS,MENICON
Merck Medication Familiale,Merck Medication Familiale
MERCK SERONO,MERCK SERONO
Merit Medical France,Merit Medical
Merz,Merz
Merz Pharma France,MERZ PHARMA
Merz Pharma France*,MERZ PHARMA
MERZ PHARMA France,MERZ PHARMA
MERZ+PHARMA+FRANCE,MERZ PHARMA
MESSER FRANCE,MESSER
MICRO-MEGA,MICRO-MEGA
MICROPORT ORTHOPEDICS,MICROPORT ORTHOPEDICS
MICROVAL,MICROVAL
MicroVention Europe,MICROVENTION
Microvention,MICROVENTION
MICROVENTION,MICROVENTION
MICROVENTION*,MICROVENTION
MID,MID
Minvasys,MINVASYS
MINVASYS,MINVASYS
Molnlycke Health Care,MOLNLYCKE HEALTH CARE
MOLNLYCKE HEALTH CARE ,MOLNLYCKE HEALTH CARE
MOLNLYCKE+HEALTH+CARE,MOLNLYCKE HEALTH CARE
Mölnlycke Health Care*,MOLNLYCKE HEALTH CARE
MORIA S.A.,MORIA S.A.
MSD France,MSD
MSD France*,MSD
MSD+FRANCE,MSD
MSD,MSD
MULTALER & CIE,MULTALER & CIE
Mundipharma ,MUNDIPHARMA
MUNDIPHARMA,MUNDIPHARMA
Mundipharma SAS,MUNDIPHARMA
Mundipharma SAS*,MUNDIPHARMA
MUNDIPHARMA+SAS,MUNDIPHARMA
MV3 SAS,MV3
MYLAN SAS,MYLAN
MYLAN SAS*,MYLAN
MYLAN+SAS,MYLAN
NANOBIOTIX S.A.,NANOBIOTIX S.A.
Nanostring Technologies Inc,Nanostring Technologies
NEOS,NEOS
NEOSTEO,NEOSTEO
NEOVACS,NEOVACS
Nestlé Clinical Nutrition,Nestlé Clinical Nutrition
NESTLE HOMECARE,NESTLE HOMECARE
NESTLE HOMECARE*,NESTLE HOMECARE
NEWCLIP TECHNICS,NEWCLIP TECHNICS
NICOX,NICOX
NIDEK SA,NIDEK
NIPRO France,NIPRO
NIPRO France*,NIPRO
NIPRO FRANCE,NIPRO
NIPRO+FRANCE,NIPRO
NOBEL BIOCARE FRANCE SAS,NOBEL BIOCARE
Nobel Biocare Russia LLC,Nobel Biocare Russia LLC
Nobel Biocare Services AG,Nobel Biocare Services AG
NODEA MEDICAL,NODEA MEDICAL
Noraker,NORAKER
NORAKER,NORAKER
NORDIC PHARMA SAS,NORDIC PHARMA
NordiMED ApS,NordiMED ApS
Norgine,Norgine
NORGINE PHARMA,NORGINE PHARMA
NORGINE PHARMA*,NORGINE PHARMA
Novartis Pharma SAS,NOVARTIS PHARMA
NOVARTIS PHARMA SAS,NOVARTIS PHARMA
NOVARTIS SANTE FAMILIALE*,NOVARTIS SANTE FAMILIALE
NOVARTIS SANTE FAMILIALE SAS,NOVARTIS SANTE FAMILIALE
NOVARTIS VACCINES AND DIAGNOSTICS SAS,NOVARTIS VACCINES AND DIAGNOSTICS
NOVARTIS+VACCINES+AND+DIAGNOSTICS+SAS,NOVARTIS VACCINES AND DIAGNOSTICS
NOVASTEP,NOVASTEP
NOVATECH SA,NOVATECH
NOVATEST,NOVATEST
Novo nordisk,NOVO NORDISK
NOVO NORDISK,NOVO NORDISK
NOVO NORDISK*,NOVO NORDISK
NPS Pharma UK Limited,NPS Pharma
NUTRICIA Nutrition Clinique,NUTRICIA Nutrition Clinique
NUTRICIA NUTRITION CLINIQUE*,NUTRICIA Nutrition Clinique
NUTRICIA+NUTRITION+CLINIQUE,NUTRICIA Nutrition Clinique
OBL,OBL
OCD,OCD
OCD*,OCD
OCEAN TERRE BIOTECHNOLOGIE,OCEAN TERRE BIOTECHNOLOGIE
OCP REPARTITION,OCP REPARTITION
OCP REPARTITION*,OCP REPARTITION
Octapharma France,Octapharma
OCTAPHARMA+FRANCE+SAS,Octapharma
OLEA MEDICAL S.A,OLEA MEDICAL S.A
Olympus Biotech International Europe,Olympus Biotech
Olympus Biotech International,Olympus Biotech
OLYMPUS France SAS,OLYMPUS
ONXEO,ONXEO
OPHTACOM,OPHTACOM
Ophta-France SA,Ophta-France
Ophtalmic Compagnie,Ophtalmic Compagnie
OPIA TECHNOLOGIES,OPIA TECHNOLOGIES
Optimed,OptiMed
OptiMed SARL,OptiMed
ORIGIO France,ORIGIO
Orion Corporation Orion Pharma,Orion
ORMCO FRANCE SAS,ORMCO
Orphan Europe,Orphan
ORPHAN EUROPE SARL,ORPHAN EUROPE
OrpheliPharm,OrpheliPharm
ORTHO CLINICAL DIAGNOSTICS France,ORTHO CLINICAL DIAGNOSTICS
ORTHOFIX SA,ORTHOFIX
ORTHO JET,ORTHO JET
ORTHOPAEDIC & SPINE DEVELOPMENT (OSD),ORTHOPAEDIC & SPINE DEVELOPMENT
ORTHOPLUS,ORTHOPLUS
Ortho Union,ORTHO UNION
ORTHO UNION,ORTHO UNION
OST DEVELOPPEMENT,OST DEVELOPPEMENT
OST-DEVELOPPEMENT,OST DEVELOPPEMENT
OSTEOMED,OSTEOMED
OTR3,OTR3
Otsuka,OTSUKA
OTSUKA,OTSUKA
OTSUKA*,OTSUKA
Otsuka  Pharmaceutical France ,Otsuka  Pharmaceutical
Otsuka Pharmaceutical France SAS,Otsuka  Pharmaceutical
Otsuka Pharmaceutical France SAS*,Otsuka  Pharmaceutical
OTSUKA+PHARMACEUTICAL+FRANCE+SAS,Otsuka  Pharmaceutical
OTTO BOCK FRANCE SNC,OTTO BOCK SNC
OXOID,OXOID
OXOID SAS,OXOID
OXYPHARM,OXYPHARM
OXYVIE S.A.S,OXYVIE S.A.S
PACKAGE,PACKAGE
Pall France,PALL
PALL FRANCE,PALL
PALL France SAS,PALL
PALL FRANCE SAS,PALL
PALL FRANCE SAS*,PALL
PAREXEL International,PAREXEL
Parexel,PAREXEL
PAREXEL,PAREXEL
PASCALEO,PASCALEO
Paul HARTMANN SA,PAUL HARTMANN
Paul HARTMANN SA*,PAUL HARTMANN
PAUL HARTMANN SA,PAUL HARTMANN
PECH CERCIAT,PECH CERCIAT
PENTAX MEDICAL,PENTAX MEDICAL
Penumbra Inc.,Penumbra
PERF NUT ASSISTANCE LANGUEDOC ROUSSILLON,PERF NUT ASSISTANCE
PERF NUT ASSISTANCE NORD,PERF NUT ASSISTANCE
PERF.U.LOR GROUPE,PERF.U.LOR GROUPE
PEROUSE MEDICAL ,PEROUSE MEDICAL
PEROUSE MEDICAL,PEROUSE MEDICAL
PEROUSE MEDICAL*,PEROUSE MEDICAL
PEROUSE+MEDICAL,PEROUSE MEDICAL
PEROUSE PLASTIE,PEROUSE PLASTIE
PETERS SURGICAL,PETERS SURGICAL
PETERS SURGICAL*,PETERS SURGICAL
Péters surgical,PETERS SURGICAL
PFIZER INTERNATIONAL OPERATIONS,PFIZER
Pfizer,PFIZER
PFIZER,PFIZER
PFIZER*,PFIZER
PFIZER SANTE FAMILIALE,PFIZER
PFIZER SANTE FAMILIALE*,PFIZER
PFIZER+SANTE+FAMILIALE,PFIZER
PFIZER SAS,PFIZER
PGRD,PGRD
PHADIA SAS,PHADIA
PHADIA SAS*,PHADIA
PHADIA+SAS,PHADIA
PHARMA DOM,PHARMA DOM
PHARMATERA,PHARMATERA
PHARMATHERA,PHARMATERA
PHENIX CARDIOLOGIE,PHENIX CARDIOLOGIE
PHILIPS FRANCE,PHILIPS
PHILIPS+FRANCE,PHILIPS
PHOCEENNE D'ORTHOPEDIE,PHOCEENNE D'ORTHOPEDIE
PHOENIX PHARMA,PHOENIX PHARMA
PHONAK FRANCE,PHONAK
PHYSIOL FRANCE,PHYSIOL
PHYSIOL+FRANCE,PHYSIOL
PHYSIOMED,PHYSIOMED
Pierre Fabre Dermo-Cosmétique,PIERRE FABRE
PIERRE FABRE MEDICAMENT,PIERRE FABRE
PIERRE FABRE*,PIERRE FABRE
PIERRE FABRE SA,PIERRE FABRE
PPD FRANCE SAS,PPD
PPD+FRANCE+SAS,PPD
PRA,PRA
Preciphar,PRECIPHAR
PRECIPHAR,PRECIPHAR
PRESSE & PAPIERS,PRESSE & PAPIERS
prevor,PREVOR
PREVOR,PREVOR
Primax,PRIMAX
PRIMAX,PRIMAX
PROBACE MEDITEC,PROBACE MEDITEC
PROBACE VAR,PROBACE VAR
ProClinica,ProClinica
PROCTER & GAMBLE FRANCE,PROCTER & GAMBLE
PRODAREV,PRODAREV
PRODIS,PRODIS
Prodition,Prodition
PRODUITS DENTAIRES PIERRE ROLLAND,PRODUITS DENTAIRES PIERRE ROLLAND
PROFIL ORTHOPEDIE,PROFIL ORTHOPEDIE
PROSTEEL,PROSTEEL
Prostrakan Pharma*,PROSTRAKAN PHARMA
ProStrakan Pharma,PROSTRAKAN PHARMA
PROSTRAKAN+PHARMA,PROSTRAKAN PHARMA
Prostrakan,Prostrakan
PROTHEOS+INDUSTRIE,PROTHEOS INDUSTRIE
PROTHEOS OUEST,PROTHEOS
PROTHEOS+OUEST,PROTHEOS
PROTHEOS,PROTHEOS
Prothéos,PROTHEOS
PROTHEOS SA,PROTHEOS
PROXILIO,PROXILIO
PSI CRO AG,PSI CRO
PSI+CRO+AG,PSI CRO
PSI CRO FRANCE,PSI CRO
PSI+CRO+FRANCE,PSI CRO
PUBLICIS LIFE BRANDS,PUBLICIS LIFE BRANDS
Qiagen France SAS,QIAGEN
QIAGEN France SAS,QIAGEN
QIAGEN France SAS*,QIAGEN
QUERYO MEDICAL SAS,QUERYO MEDICAL
QUINTILES BENEFIT FRANCE SNC,QUINTILES BENEFIT SNC
RADIANTE,RADIANTE
RADIOMETER SAS,RADIOMETER
RADIOMETER_S.A.S.,RADIOMETER
RADIOMETER_S.A.S.*,RADIOMETER
RADIOMETER-S.A.S.,RADIOMETER
RANBAXY PHARMACIE GENERIQUES,RANBAXY PHARMACIE GENERIQUES
Ranbaxy Pharmacie Génériques*,RANBAXY PHARMACIE GENERIQUES
RAPTOR PHARMACEUTICALS FRANCE,RAPTOR PHARMACEUTICALS
RAPTOR Pharmaceutilcals France,RAPTOR PHARMACEUTICALS
RB Pharmaceuticals France,RB Pharmaceuticals
Reckitt Benckiser Healthcare France,RECKITT BENCKISER
RECKITT BENCKISER HEALTHCARE France *,RECKITT BENCKISER
RECKITT+BENCKISER+HEALTHCARE+FRANCE,RECKITT BENCKISER
Reckitt Benckiser,RECKITT BENCKISER
Regeneron Pharmaceuticals Inc.,Regeneron Pharmaceuticals
RE-IMAGINE Health Agency,RE-IMAGINE Health Agency
Renishaw Mayfield,Renishaw Mayfield
RESAL,RESAL
RESEARCH NOW SAS,RESEARCH NOW
Resmed,RESMED
RESMED SAS,RESMED
RESMED+SAS,RESMED
RIVORTHO,RIVORTHO
RMO EUROPE,RMO EUROPE
RNP SANTE,RNP SANTE
Roche Diagnostics France,ROCHE DIAGNOSTICS
Roche Diagnostics France*,ROCHE DIAGNOSTICS
ROCHE DIAGNOSTICS FRANCE,ROCHE DIAGNOSTICS
ROCHE+DIAGNOSTICS+FRANCE,ROCHE DIAGNOSTICS
Roche Diagnostics GmbH,ROCHE DIAGNOSTICS
Roche,ROCHE
Roche*,ROCHE
ROCHE,ROCHE
ROCHE SAS,ROCHE
Rodenstock France,Rodenstock
ROTTAPHARM,ROTTAPHARM
ROTTAPHARM*,ROTTAPHARM
ROTTAPHARM SAS,ROTTAPHARM
R SUD MEDICAL,R SUD MEDICAL
R'SUD MEDICAL,R SUD MEDICAL
RUNESCENCE,RUNESCENCE
S2A SANTE ILE DE FRANCE,S2A SANTE
SADIR ASSISTANCE,SADIR ASSISTANCE
SAFE ORTHOPAEDICS,SAFE ORTHOPAEDICS
Sage Products LLC,Sage Products LLC
SA LANDANGER,SA LANDANGER
SAMSUNG ELECTRONICS FRANCE,SAMSUNG ELECTRONICS
SAM TECHNI-PHARMA,SAM TECHNI-PHARMA
Sandoz,SANDOZ
SANDOZ,SANDOZ
SANDOZ*,SANDOZ
Sanofi Aventis France,SANOFI
SANOFI AVENTIS FRANCE,SANOFI
Sanofi Aventis Groupe,SANOFI
SANOFI-AVENTIS GROUPE,SANOFI
SANOFI-AVENTIS RECHERCHE & DEVELOPPEMENT,SANOFI
Sanofi Aventis Recherche & Développement,SANOFI
SANOFI CHIMIE,SANOFI
SANOFI PASTEUR MSD SNC,SANOFI PASTEUR
Sanofi Pasteur,SANOFI PASTEUR
Sanofi Pasteur*,SANOFI PASTEUR
SANOFI PASTEUR,SANOFI PASTEUR
Sanofi,SANOFI
SANOFI WINTHROP INDUSTRIE,SANOFI
SANOTEK,SANOTEK
SANTELYS ASSIOCIATION,SANTELYS ASSIOCIATION
SANTEN,SANTEN
SANTE PLUS,SANTE PLUS
SARL DLMEDICAL,DLMEDICAL
SARL LUNODIA,LUNODIA
SARL PACIMED,PACIMED
SAS LABORATOIRES VIVACY,VIVACY
SAS ORTHO OUEST,SAS ORTHO OUEST
SATELEC SAS,SATELEC
SBI,SBI
SBM,SBM
Schulke France SARL,Schulke
SCHWA-MEDICO FRANCE,SCHWA-MEDICO
SCIENCE ET MEDECINE,SCIENCE ET MEDEDINE
SCIENCE ET MEDEDINE,SCIENCE ET MEDEDINE
SCIENCE ET MEDEDINE*,SCIENCE ET MEDEDINE
SCIENT'X SAS,SCIENT'X
Scope International France,Scope
SDI Dental Limited,SDI Dental
Second Stage Pharma,Second Stage Pharma
SEM,SEM
SEPRODOM REUNION,SEPRODOM REUNION
SEPROPHARM INTERNATIONAL,SEPROPHARM
SEPTODONT SAS,SEPTODONT
SEPTODONT,SEPTODONT
Sequent Medical GmbH,Sequent Medical
Sequent Medical Inc.,Sequent Medical
SERB,SERB
SERF,SERF
SHIRE France S.A.,SHIRE S.A.
SHIRE FRANCE,SHIRE
SHIRE FRANCE*,SHIRE
SIEMENS AUDIOLOGIE,SIEMENS AUDIOLOGIE
Siemens Healthcare Diagnostics SAS,Siemens Healthcare Diagnostics
SIEMENS SAS,SIEMENS
Sigma-tau France,SIGMA TAU
SIGMA TAU France*,SIGMA TAU
SigmaTau,SIGMA TAU
Sigvaris,SIGVARIS
SIGVARIS,SIGVARIS
SIGVARIS*,SIGVARIS
SINCLAIR PHARMA,SINCLAIR PHARMA
SINCLAIR+PHARMA,SINCLAIR PHARMA
SIRONA DENTAL SYSTEMS SAS,SIRONA DENTAL SYSTEMS
Sirtex Medical Europe GmbH,Sirtex Medical
Small Bone Innovations International SAS,Small Bone Innovations
Small Bone Innovations Intl,Small Bone Innovations
SM EUROPE,SM EUROPE
Smith & Nephew S.A.S.,Smith & Nephew
Smith & Nephew SAS*,Smith & Nephew
SMITH++NEPHEW+SAS,Smith & Nephew
Smith &Nephew,Smith & Nephew
SMITHS MEDICAL France,SMITHS MEDICAL
SMITHS MEDICAL France*,SMITHS MEDICAL
SMITHS MEDICAL FRANCE,SMITHS MEDICAL
SMITHS+MEDICAL+FRANCE,SMITHS MEDICAL
SNC LCA de NICE,SNC LCA
Sobi,Sobi
Société des gaz industriels de la Guadeloupe,AIR LIQUIDE
Société Guyanaise de l'Air Liquide,AIR LIQUIDE
SOCIETE LIMA France,SOCIETE LIMA
Société Martiniquaise de l'Air Liquide,AIR LIQUIDE
SOCIETES DU GROUPE TEVA HORS FRANCE,TEVA PHARMA
SOFIBEL Laboratoires Fumouze,SOFIBEL
SOFIBEL,SOFIBEL
SOFRADIM PRODUCTION,SOFRADIM PRODUCTION
SomnoMed France,SomnoMed
SONATINE,SONATINE
Sophysa,SOPHYSA
SOPHYSA,SOPHYSA
SOPRO ACTEON Group,SOPRO ACTEON Group
Sorin Group France*,SORIN GROUP
SORIN GROUP FRANCE,SORIN GROUP
S.O.S M.A.D,S.O.S M.A.D
SOS MEDICAL,SOS MEDICAL
SOS OXYGENE ALSACE,SOS OXYGENE
SOS OXYGENE ATLANTIQUE CENTRE,SOS OXYGENE
S.O.S. OXYGENE ATLANTIQUE,SOS OXYGENE
SOS OXYGENE AUVERGNE,SOS OXYGENE
SOS OXYGENE BASSIN PARISIEN SUD,SOS OXYGENE
S.O.S. OXYGENE BRETAGNE,SOS OXYGENE
SOS OXYGENE CENTRE EST,SOS OXYGENE
SOS OXYGENE CENTRE OUEST,SOS OXYGENE
SOS OXYGENE CENTRE,SOS OXYGENE
SOS OXYGENE CHAMPAGNE ARDENNES,SOS OXYGENE
SOS OXYGENE FRANCHE COMTE,SOS OXYGENE
S.O.S. OXYGENE GARONNE,SOS OXYGENE
SOS OXYGENE GARONNE,SOS OXYGENE
SOS OXYGENE GRAND EST,SOS OXYGENE
S.O.S. OXYGENE GRAND OUEST,SOS OXYGENE
SOS OXYGENE GRAND SUD,SOS OXYGENE
SOS OXYGENE ILE DE France EST,SOS OXYGENE
SOS OXYGENE ILE DE France NORD,SOS OXYGENE
S.O.S OXYGENE ILE DE France,SOS OXYGENE
SOS OXYGENE LORRAINE,SOS OXYGENE
SOS OXYGENE MEDITERRANEE,SOS OXYGENE
SOS OXYGENE NORD JOLY MEDICAL,SOS OXYGENE
S.O.S. OXYGENE NORMANDIE,SOS OXYGENE
SOS OXYGENE NORMANDIE,SOS OXYGENE
SOS OXYGENE PAYS DE LOIRE,SOS OXYGENE
SOS OXYGENE PROVENCE,SOS OXYGENE
SOS OXYGENE RHONE ALPES,SOS OXYGENE
SOS OXYGENE,SOS OXYGENE
S.O.S. OXYGENE SUD,SOS OXYGENE
SOS OXYGENE VAR,SOS OXYGENE
SPECTRANETICS INTERNATIONAL B.V.,SPECTRANETICS
SPECTRANETICS+INTERNATIONAL+BV,SPECTRANETICS
SPECTRUM PHARMACEUTICALS B.V*,SPECTRUM PHARMACEUTICALS
SPECTRUM+PHARMACEUTICALS+B.V,SPECTRUM PHARMACEUTICALS
SPINEGUARD,SPINEGUARD
SPINEVISION,SPINEVISION
SPINEWAY,SPINEWAY
Springer Science+Business Media France,Springer Science Business Media
STALLERGENES SA,STALLERGENES
Stallergenes,STALLERGENES
STALLERGENES,STALLERGENES
Starkey France,STARKEY
STARKEY FRANCE,STARKEY
STENTYS S.A,STENTYS S.A
STENTYS,STENTYS
STEPHANIX,STEPHANIX
STETHOS,STETHOS
St Jude Medical France SAS,ST JUDE MEDICAL
St. Jude Medical France SAS,ST JUDE MEDICAL
St. Jude Medical France SAS*,ST JUDE MEDICAL
ST+JUDE+MEDICAL+FRANCE+SAS,ST JUDE MEDICAL
St. Jude Medical,ST JUDE MEDICAL
Straumann France,Straumann
STRYKER France SAS*,STRYKER
STRYKER FRANCE SAS,STRYKER
Stryker Leibinger GmbH & Co. KG,Stryker Leibinger
Stryker Trauma GmbH,Stryker Trauma
SUD OUEST ORTHOPEDIE,SUD OUEST ORTHOPEDIE
SUD OUEST ORTHOPEDIE*,SUD OUEST ORTHOPEDIE
SUNSTAR FRANCE,SUNSTAR
SuperSonic Imagine,SUPERSONIC IMAGINE
SUPERSONIC IMAGINE,SUPERSONIC IMAGINE
 Surfacept,Surfacept
Swedish Orphan Biovitrum SARL,Swedish Orphan Biovitrum
Swedish Orphan Biovitrum SARL*,Swedish Orphan Biovitrum
SWEDISH ORPHAN BIOVITRUM,Swedish Orphan Biovitrum
SWING TECHNOLOGIES,SWING TECHNOLOGIES
SYMATESE,SYMATESE
SYMBIOS+ORTHOPEDIE+SA,SYMBIOS ORTHOPEDIE SA
symbios sas,SYMBIOS
SYMBIOS+SAS,SYMBIOS
SYNAPSE SANTE,SYNAPSE SANTE
Syntes,SYNTHES
SYNTHES SAS*,SYNTHES
SYNTHES,SYNTHES
SYSMEX France*,SYSMEX
SYSMEX FRANCE,SYSMEX
SYSMEX+FRANCE,SYSMEX
SYSTAGENIX WOUND MANAGEMENT FRANCE,SYSTAGENIX WOUND MANAGEMENT
Takeda France,TAKEDA
TAKEDA France,TAKEDA
TAKEDA+FRANCE,TAKEDA
TBWA\ADELPHI,TBWA\ADELPHI
TELEFLEX MEDICAL SAS,TELEFLEX MEDICAL
TELEFLEX MEDICAL SAS*,TELEFLEX MEDICAL
TEM-France,TEM-France
TEOXANE FRANCE,TEOXANE
TERRE NEUVE,TERRE NEUVE
TERUMO FRANCE SA*,TERUMO
Terumo,TERUMO
Teva Pharma ,TEVA PHARMA
TEVA+PHARMA,TEVA PHARMA
Teva Santé Cephalon ,TEVA PHARMA
TEVA SANTE SAS,TEVA PHARMA
TEVA+SANTE,TEVA PHARMA
THE BINDING SITE GROUP LTD,THE BINDING SITE
The Medicines Company France SAS,The Medicines Company
THERABEL LUCIEN PHARMA,THERABEL LUCIEN PHARMA
THERABEL LUCIEN PHARMA*,THERABEL LUCIEN PHARMA
THERABEL+LUCIEN+PHARMA,THERABEL LUCIEN PHARMA
Therabel,Therabel
THERADIAG*,THERADIAG
THERADIAL SAS,THERADIAL
THERADIAL,THERADIAL
THERADIAL*,THERADIAL
THERAKOS UK Ltd,THERAKOS
THERMO ELECTRON LED SAS,THERMO ELECTRON
THERMO ELECTRON SAS,THERMO ELECTRON
THORATEC EUROPE LTD,THORATEC
THUASNE,THUASNE
Topcon SARL,Topcon
TORNIER SAS,TORNIER
TORNIER+SAS,TORNIER
TORNIER,TORNIER
TOSHIBA MEDICAL FRANCE,TOSHIBA MEDICAL
TOSOH EUROPE NV,TOSOH EUROPE
Transgene SA,Transgene
TRANSYSTEME-JMT+IMPLANTS,Transystème
Transystème - JMT IMPLANTS,Transystème
TRB CHEMEDICA,TRB CHEMEDICA
Tutogen Medical France,Tutogen Medical
UCB Pharma SA,UCB Pharma
UCB Pharma SA*,UCB Pharma
UCB Pharma,UCB Pharma
Ultradent Products GmbH,Ultradent Products
ULURU SANTE / VIGIE Pharma,VIGIE Pharma
UNILEVER FRANCE,UNILEVER
UNILEVER+FRANCE,UNILEVER
UNITHER DEVELOPPEMENT BORDEAUX,UNITHER DEVELOPPEMENT BORDEAUX
UNITHER Développement Bordeaux,UNITHER DEVELOPPEMENT BORDEAUX
UNITHER Développement Bordeaux*,UNITHER DEVELOPPEMENT BORDEAUX
UNIVERSAL MEDICA,UNIVERSAL MEDICA
Varian Medical Systems France Sarl,Varian Medical Systems
VASCUTEK FRANCE GMBH*,VASCUTEK
VASCUTEK+FRANCE+GMBH,VASCUTEK
VASCUTEK FRANCE,VASCUTEK
Vascutek,VASCUTEK
Vatech France,Vatech
VECTEC,VECTEC
VERBAL,VERBAL
Vertex Pharmaceuticals Incorporated *,Vertex Pharmaceuticals
Vertex Pharmaceuticals Incorporated,Vertex Pharmaceuticals
VERTEX+PHARMACEUTICALS+INCORPORATED,Vertex Pharmaceuticals
Vertex Pharmaceuticals ,Vertex Pharmaceuticals
Vertex,Vertex
VEXIM SA,VEXIM
VEXIM ,VEXIM
VEXIM,VEXIM
Vibrant Med-El,Vibrant Med-El
VIFOR France SA*,VIFOR
VIFOR FRANCE SA,VIFOR
VIFOR+FRANCE+SA,VIFOR
Vifor Pharma,Vifor Pharma
ViiV Healthcare SAS,ViiV HEALTHCARE
ViiV Healthcare SAS*,ViiV HEALTHCARE
ViiV HEALTHCARE SAS,ViiV HEALTHCARE
VIIV+HEALTHCARE+SAS,ViiV HEALTHCARE
Viivhealthcare,ViiV HEALTHCARE
Viiv Healthcare,ViiV HEALTHCARE
ViroPharma SPRL - ViroPharma SAS*,VIROPHARMA
VIROPHARMA SPRL,VIROPHARMA
VIROPHARMA*,VIROPHARMA
VITALAIRE,VITALAIRE
VITALEA MEDICAL,VITALEA MEDICAL
Vital Images France Sarl,Vital Images
VITALITEC INTERNATIONAL,VITALITEC
VITALITEC INTERNATIONAL*,VITALITEC
VITALITEC+INTERNATIONAL,VITALITEC
Vitalitec,VITALITEC
VIVACTIS M2RESEARCH (ex VIVACTIS INSIGHT)*,VIVACTIS M2RESEARCH
Vivactis-M2Research,VIVACTIS M2RESEARCH
VIVACTIS M2RESEARCH*,VIVACTIS M2RESEARCH
VOLCANO EUROPE BVBA/SPRL,VOLCANO
VOLUNTIS,VOLUNTIS
VYGON ,VYGON
VYGON,VYGON
VYGON*,VYGON
Warner Chilcott France SAS,Warner Chilcott
WEINMANN EMERGENCY FRANCE,WEINMANN EMERGENCY
WEINMANN SAS,WEINMANN
Weleda S.A.,WELEDA
WELEDA SA,WELEDA
WELEDA+SA,WELEDA
WELLSPECT HEALTHCARE,WELLSPECT HEALTHCARE
WIDEX SAS,WIDEX
WIDEX+SAS,WIDEX
WIDEX,WIDEX
W L GORE & ASSOCIES,W L GORE & ASSOCIES
WOO YOUNG MEDICAL FRANCE,WOO YOUNG MEDICAL
WorldOne Group B.V.,WorldOne Group
WRIGHT MEDICAL FRANCE,WRIGHT MEDICAL
XNOV Distribution,XNOV Distribution
XNOV,XNOV
YPSOMED SAS,YPSOMED
Zambon France,ZAMBON
ZAMBON France,ZAMBON
ZAMBON France*,ZAMBON
Zambon,ZAMBON
Zeste Research,Zeste Research
Zimmer BVBA,Zimmer
Zimmer Dental SAS,Zimmer
Zimmer France SAS,Zimmer
Zimmer GmbH,Zimmer
Zimmer Spine SAS,Zimmer
ZIMMER,Zimmer
ZOLL MEDICAL France*,ZOLL Médical
ZOLL Médical France,ZOLL Médical
ZYDUS France*,ZYDUS
ZYDUS FRANCE,ZYDUS
